Name,Age,Location,Occupation,Email
Christopher Sharp,63,"Los Angeles, CA",Paediatric nurse,grantanderson@simmons-jackson.com
Sharon Fernandez,69,"San Diego, CA",Cabin crew,christysanders@white-love.net
Rachel Thornton,76,"San Jose, CA","Engineer, electrical",douglas57@hotmail.com
Richard Moore,90,"San Jose, CA",Audiological scientist,myersdaniel@williams-gutierrez.org
Kevin Fletcher,22,"San Jose, CA",Barrister's clerk,hjohnson@hotmail.com
John Beasley,57,"San Jose, CA",Product/process development scientist,thompsonpamela@gmail.com
Luis Anderson,88,"San Antonio, TX","Engineer, biomedical",phale@gmail.com
Barbara Hodges,84,"Dallas, TX",Amenity horticulturist,maciaskatherine@knight.com
Carla Weber,95,"Chicago, IL",Community pharmacist,amycampbell@stanley.info
Sarah Little,75,"Chicago, IL",Horticultural consultant,jenniferbrown@carroll.org
Jessica Greer,93,"San Antonio, TX","Engineer, broadcasting (operations)",xnelson@day-williams.com
Brent Arnold,27,"San Antonio, TX",Lobbyist,pjacobs@hotmail.com
Natalie Trujillo,59,"Houston, TX",Dramatherapist,john40@ashley.com
Megan Gonzalez,87,"Houston, TX","Education officer, community",jacqueline01@hotmail.com
Steven Davila,60,"Dallas, TX",Psychiatrist,denisedominguez@hotmail.com
Joseph Parker,44,"Los Angeles, CA","Scientist, product/process development",mendozamatthew@yahoo.com
Jennifer Travis,56,"Dallas, TX",Automotive engineer,hbaker@gmail.com
Mr. Kenneth Phillips DVM,81,"Dallas, TX",Community arts worker,kmorton@gmail.com
Dean Moore,98,"Dallas, TX","Engineer, site",bushdenise@gmail.com
Dr. Margaret Ford,94,"Philadelphia, PA",Stage manager,mclarke@hotmail.com
Jennifer Morrow,65,"San Antonio, TX",Best boy,marshallrobert@hotmail.com
Robert Rivera,45,"San Antonio, TX",Call centre manager,isaac50@russell-wagner.info
Tammy Powell,72,"San Antonio, TX","Editor, commissioning",wsmith@hotmail.com
John Hughes,81,"Phoenix, AZ",Holiday representative,cameron72@wright.info
Mary Smith,50,"Phoenix, AZ",Location manager,bergdennis@yahoo.com
Laurie Burke,79,"San Antonio, TX",Event organiser,steven32@yahoo.com
Kevin Smith,49,"Dallas, TX",Accommodation manager,boydhannah@yahoo.com
John Foster,80,"Houston, TX",Field seismologist,garrettmartin@dixon.com
Ashlee Charles,63,"San Jose, CA","Editor, commissioning",rholmes@vega.info
Cynthia Potts,34,"New York, NY","Lecturer, higher education",ulang@vasquez.org
Jesus Brady,61,"Dallas, TX",Forensic scientist,gonzalezbrenda@gmail.com
Jamie Smith,59,"Philadelphia, PA",Retail buyer,taylorthomas@soto.com
Abigail Hicks,34,"Chicago, IL","Therapist, speech and language",lori49@gmail.com
Thomas Rodriguez,63,"San Jose, CA",Retail banker,erica79@glover-forbes.com
Eric Wilkinson,75,"San Antonio, TX",Art gallery manager,pnixon@callahan.com
Matthew Cantu,39,"Los Angeles, CA",Chief Financial Officer,reynoldsgregory@gmail.com
Chloe Chapman,35,"Philadelphia, PA",Production manager,bdavis@hotmail.com
Sophia Jones,48,"San Jose, CA",Camera operator,gsantos@gmail.com
David Young,56,"Houston, TX","Psychologist, clinical",leslie55@hotmail.com
Stacy Morris,72,"Los Angeles, CA",Logistics and distribution manager,qhansen@yahoo.com
Julie Lin,56,"Los Angeles, CA",Social worker,gzimmerman@gmail.com
Melinda White,92,"Philadelphia, PA",Probation officer,pamela45@yahoo.com
Elizabeth Daniel,95,"Dallas, TX",Sports coach,lauriegriffin@fletcher-garcia.com
Stephanie Fuller,86,"San Antonio, TX",Heritage manager,benjamin88@gmail.com
Peter Salinas,32,"Philadelphia, PA",Building control surveyor,charles57@martin-lane.com
Michael Hart,83,"Dallas, TX",Purchasing manager,john23@hotmail.com
Roger Oconnor,75,"Chicago, IL",Arts administrator,heather19@yahoo.com
John Stanley,25,"San Jose, CA",Training and development officer,kyle24@gmail.com
William Hatfield,39,"Los Angeles, CA",Adult guidance worker,ajohnson@hoover.net
Brent Stout,72,"San Diego, CA",Fish farm manager,marcus27@richardson-jones.com
Mitchell Jackson,66,"New York, NY",Quantity surveyor,nclark@hotmail.com
Jake Davila,28,"San Diego, CA",Quality manager,victorcastro@yahoo.com
Doris Hodge,72,"San Antonio, TX",Computer games developer,watersscott@hotmail.com
Erica Harris,88,"San Diego, CA",Secondary school teacher,achurch@burton-mejia.com
Joseph Hansen,59,"Dallas, TX",Medical secretary,olsenricardo@yahoo.com
Barbara Stout,72,"San Jose, CA",Clinical biochemist,victoriabrewer@allen.com
Sandra Gonzalez,73,"Chicago, IL","Engineer, maintenance",james02@snyder.com
Matthew Jones,43,"Philadelphia, PA",Electronics engineer,craigperez@moore.biz
Terry Nichols,93,"Philadelphia, PA",Outdoor activities/education manager,rogersnicole@chang-stanley.com
James Berry,94,"San Jose, CA","Buyer, industrial",serranochristopher@harrison-williams.org
Angela Sandoval,71,"Phoenix, AZ","Optician, dispensing",hurleyjennifer@williams.org
John Hawkins,38,"San Antonio, TX","Programmer, systems",johnsondonna@miller.com
Thomas Cooper,45,"San Antonio, TX",Advertising art director,gonzalezjeffrey@nelson-reynolds.com
Olivia Owens,86,"San Diego, CA","Buyer, retail",robertsontyler@edwards-hansen.com
Kelli Rodriguez,34,"Philadelphia, PA","Therapist, horticultural",tara21@gmail.com
Jeanette Briggs,61,"Philadelphia, PA",Tourism officer,alexander42@jones.com
Kimberly Perry,71,"Dallas, TX",Firefighter,conwaymichelle@duran.org
Jorge Brandt,74,"Phoenix, AZ","Programmer, systems",veronicafigueroa@weber-johnson.com
Brent Hayes,71,"New York, NY","Conservator, furniture",sgallagher@cook-marshall.net
Julie Blake,99,"San Diego, CA",Colour technologist,chriswilson@hawkins.com
David Jackson MD,33,"New York, NY",Arts administrator,melissa67@davila-johnson.com
Anna Nunez,28,"Dallas, TX",Plant breeder/geneticist,lhernandez@rodriguez.org
Caleb Adams,38,"San Diego, CA",Podiatrist,ugonzales@mitchell-lopez.info
Morgan Haas,88,"San Jose, CA",Toxicologist,michael10@yahoo.com
Emily Baker,22,"Phoenix, AZ",Equities trader,bherring@hotmail.com
Madison Edwards,33,"Houston, TX",Field seismologist,shawn27@webb.com
Edwin Conley,63,"San Jose, CA",Communications engineer,christinatapia@mendez-hughes.com
Meredith Randall,57,"Los Angeles, CA",Exercise physiologist,andrewneal@yahoo.com
George Ramos,95,"New York, NY",Energy engineer,charles02@hotmail.com
Harry Watts,77,"San Diego, CA","Copywriter, advertising",david08@warner.com
Lisa Lee,77,"Philadelphia, PA",Tourism officer,alishapratt@gmail.com
John Watson,19,"Houston, TX",Chief Executive Officer,robynhernandez@gmail.com
Joseph Sanchez,20,"Chicago, IL",Phytotherapist,allisonlauren@mcintyre.com
Seth Young,18,"Chicago, IL",Economist,elizabethbrown@hall-heath.com
Luis Gentry,55,"Houston, TX",Technical author,cpowers@williams.org
Dawn Jones,39,"Dallas, TX","Designer, television/film set",amber85@jackson-lee.com
David Davila,81,"Los Angeles, CA",Adult nurse,melissawilson@cantrell-reyes.org
Amy Donaldson,49,"San Diego, CA",Computer games developer,abigailgomez@gmail.com
Christine Burke,84,"Philadelphia, PA",Energy manager,obrown@smith-mckinney.org
Krista Gordon,83,"Chicago, IL",Computer games developer,kelleynicole@grant.com
Vanessa Gibson,67,"Chicago, IL",Armed forces operational officer,nicholasreid@wright-jones.com
Wendy Palmer,47,"Houston, TX","Engineer, maintenance (IT)",ymeyer@hotmail.com
Alicia Bass,86,"Houston, TX",Applications developer,joneslinda@adams-conley.com
Jason Lyons,33,"Philadelphia, PA",Newspaper journalist,kimberlysharp@ballard.info
Travis Cohen,98,"San Antonio, TX",Music tutor,drakejohn@castro.info
Miss Regina Bullock,72,"Houston, TX",Fisheries officer,amymercer@hotmail.com
Kevin Johnson,80,"San Antonio, TX",Futures trader,sampsonkimberly@hotmail.com
Mark Bailey,66,"San Jose, CA","Programmer, applications",nanderson@west-barajas.com
Dustin Clark,91,"Dallas, TX","Teacher, early years/pre",barrettjohn@miller.com
Autumn Reed,29,"Phoenix, AZ",Ophthalmologist,hannah08@hotmail.com
